Workbook

Sheet Dashboard
A1: SunPharma Derivatives Project — Dashboard
A2: Ticker: SUNPHARMA.NS | Valuation date: 2026-09-01 | Generated: 2026-09-04T16:31:15 UTC
A4: Key Market Inputs
A5: Spot Price | B5: 1895.17
A6: Risk-Free Rate | B6: 0.065
A7: Historical Volatility (Annualized) | B7: 0.1439212
A8: Daily Mean Return | B8: 0.001533505
A9: Daily Std Dev | B9: 0.0090661837
A10: Skewness | B10: 0.56661465
A11: Kurtosis | B11: 5.3633499
A12: Observations | B12: 65
A13: Spot Source | B13: Put-call parity average across 6 near-ATM strikes, Sep-29-2026 expiry, NSE option chain
A14: Spot Note | B14: Yahoo Finance's last close (1984.8) was stale relative to the option chain snapshot; using the parity-implied spot instead keeps pricing/Greeks/VaR internally consistent.
A16: Strikes Used for Analysis
A17: Strike 1 (-5%) | B17: 1800.411
A18: Strike 2 (-2%) | B18: 1857.267
A19: Strike 3 (ATM) | B19: 1895.17
A20: Strike 4 (+2%) | B20: 1933.073
A21: Strike 5 (+5%) | B21: 1989.929
A23: Maturities (days) | B23: 30, 60, 90
A25: Portfolio & Risk Summary
A26: Unhedged Portfolio Delta | B26: ='Hedge Summary'!B5 -> 11.910971
A27: Hedged Portfolio Delta | B27: ='Hedge Summary'!C5 -> 0
A28: Unhedged Portfolio Gamma | B28: ='Hedge Summary'!B6 -> 0.035590963
A29: Hedged Portfolio Gamma | B29: ='Hedge Summary'!C6 -> 0
A30: Total Portfolio Premium (Rs) | B30: ='Portfolio Composition'!F12 -> 385.49422
A31: 95% Parametric VaR (Rs) | B31: ='VaR Summary'!B5 -> 336.65554
A32: 99% Parametric VaR (Rs) | B32: ='VaR Summary'!B6 -> 476.02479
A33: 95% Historical VaR (Rs) | B33: ='VaR Summary'!C5 -> 256.3547
A34: 99% Historical VaR (Rs) | B34: ='VaR Summary'!C6 -> 401.96839
A35: Average Implied Volatility | B35: =AVERAGE('Implied Vols'!H:H) -> 0.16877246

Sheet Price History
A1: Historical Prices & Return Statistics
A2: 3-month daily close series used to estimate historical volatility, skewness, and kurtosis
A4: Summary Statistics
A5: Metric | B5: Value
A6: Daily Mean Return | B6: 0.0015335050126771964
A7: Daily Std Dev | B7: 0.00906618372200807
A8: Annualized Volatility | B8: 0.1439212048131318
A9: Skewness | B9: 0.5666146504191294
A10: Kurtosis | B10: 5.363349899053016
A11: Observations | B11: 65
A12: Spot Price | B12: 1984.8
A13: As-of Date | B13: 2026-09-01
A16: Daily Price & Return Series
A17: Date | B17: Close | C17: Price | D17: Log_Returns
A18: 2026-06-02 | B18: 1789.9 | C18: 1789.9 | D18: -0.0036805752
A19: 2026-06-03 | B19: 1788.5 | C19: 1788.5 | D19: -0.00078247265
A20: 2026-06-04 | B20: 1780.1 | C20: 1780.1 | D20: -0.0047077372
A21: 2026-06-05 | B21: 1782.2 | C21: 1782.2 | D21: 0.0011790137
A22: 2026-06-08 | B22: 1788.8 | C22: 1788.8 | D22: 0.0036964478
A23: 2026-06-09 | B23: 1779 | C23: 1779 | D23: -0.0054935953
A24: 2026-06-10 | B24: 1786.4 | C24: 1786.4 | D24: 0.0041510129
A25: 2026-06-11 | B25: 1794.2 | C25: 1794.2 | D25: 0.0043568186
A26: 2026-06-12 | B26: 1807.7 | C26: 1807.7 | D26: 0.0074960789
A27: 2026-06-15 | B27: 1806 | C27: 1806 | D27: -0.000940864
A28: 2026-06-16 | B28: 1800.7 | C28: 1800.7 | D28: -0.0029389768
A29: 2026-06-17 | B29: 1820.4 | C29: 1820.4 | D29: 0.010880779
... A82: 2026-09-01 | B82: 1984.8 | C82: 1984.8 | D82: 0

Sheet Option Chain
A1: SunPharma NSE Option Chain (Cleaned)
A2: Parsed from the exchange's raw CALLS/STRIKE/PUTS export into one row per contract
A4: Type | B4: Strike | C4: LTP | D4: Volume | E4: Expiry
A5: Call | B5: 1600 | C5: 291.25 | D5: 0 | E5: 2026-09-29
A6: Call | B6: 1640 | C6: 279.15 | D6: 0 | E6: 2026-09-29
A7: Call | B7: 1700 | C7: 195 | D7: 0 | E7: 2026-09-29
A8: Call | B8: 1740 | C8: 168 | D8: 4 | E8: 2026-09-29
A9: Call | B9: 1760 | C9: 146.5 | D9: 0 | E9: 2026-09-29
A10: Call | B10: 1780 | C10: 151 | D10: 0 | E10: 2026-09-29
A11: Call | B11: 1800 | C11: 106.6 | D11: 29 | E11: 2026-09-29
A12: Call | B12: 1820 | C12: 92.8 | D12: 25 | E12: 2026-09-29
A13: Call | B13: 1840 | C13: 70.6 | D13: 50 | E13: 2026-09-29
A14: Call | B14: 1860 | C14: 54.9 | D14: 80 | E14: 2026-09-29
A15: Call | B15: 1880 | C15: 41 | D15: 283 | E15: 2026-09-29
A16: Call | B16: 1900 | C16: 29.8 | D16: 1716 | E16: 2026-09-29
... A71: Put | B71: 2000 | C71: 75 | D71: 0 | E71: 2026-10-27

Sheet Implied Vols
A1: Implied Volatility Extraction
A2: Solved via Brent's method from each contract's real LTP against the corrected spot
A4: Type | B4: Strike | C4: LTP | D4: Volume | E4: Expiry | F4: T | G4: Days_to_Expiry | H4: Implied_Vol
A5: Call | B5: 1640 | C5: 279.15 | D5: 0 | E5: 2026-09-29 | F5: 0.076712329 | G5: 28 | H5: 0.48566278
A6: Call | B6: 1740 | C6: 168 | D6: 4 | E6: 2026-09-29 | F6: 0.076712329 | G6: 28 | H6: 0.23165443
A7: Call | B7: 1760 | C7: 146.5 | D7: 0 | E7: 2026-09-29 | F7: 0.076712329 | G7: 28 | H7: 0.18643656
A8: Call | B8: 1780 | C8: 151 | D8: 0 | E8: 2026-09-29 | F8: 0.076712329 | G8: 28 | H8: 0.35965057
A9: Call | B9: 1800 | C9: 106.6 | D9: 29 | E9: 2026-09-29 | F9: 0.076712329 | G9: 28 | H9: 0.14239021
A10: Call | B10: 1820 | C10: 92.8 | D10: 25 | E10: 2026-09-29 | F10: 0.076712329 | G10: 28 | H10: 0.17628476
A11: Call | B11: 1840 | C11: 70.6 | D11: 50 | E11: 2026-09-29 | F11: 0.076712329 | G11: 28 | H11: 0.13183856
A12: Call | B12: 1860 | C12: 54.9 | D12: 80 | E12: 2026-09-29 | F12: 0.076712329 | G12: 28 | H12: 0.13091863
A13: Call | B13: 1880 | C13: 41 | D13: 283 | E13: 2026-09-29 | F13: 0.076712329 | G13: 28 | H13: 0.12971486
A14: Call | B14: 1900 | C14: 29.8 | D14: 1716 | E14: 2026-09-29 | F14: 0.076712329 | G14: 28 | H14: 0.1311461
A15: Call | B15: 1920 | C15: 20 | D15: 2794 | E15: 2026-09-29 | F15: 0.076712329 | G15: 28 | H15: 0.12820495
A16: Call | B16: 1940 | C16: 12.8 | D16: 4981 | E16: 2026-09-29 | F16: 0.076712329 | G16: 28 | H16: 0.12679753
... A64: Put | B64: 1960 | C64: 54 | D64: 0 | E64: 2026-10-27 | F64: 0.15342466 | G64: 56 | H64: 0.083541055

Sheet Volatility Surface
A1: SunPharma Implied Volatility Surface
A2: Cubic interpolation across strike and days-to-expiry; red markers are real market data points

Sheet Pricing Grid
A1: Black-Scholes Pricing Grid
A2: Strikes x maturities, historical volatility. Intrinsic/time value and moneyness per contract
A4: Strike | B4: Maturity_Days | C4: Type | D4: Price | E4: Intrinsic_Value | F4: Time_Value | G4: Moneyness
A5: 1800.411 | B5: 30 | C5: Call | D5: 107.31113 | E5: 94.759 | F5: 12.552127 | G5: ITM
A6: 1800.411 | B6: 30 | C6: Put | D6: 2.9591407 | E6: 0 | F6: 2.9591407 | G6: OTM
A7: 1800.411 | B7: 60 | C7: Call | D7: 121.81596 | E7: 94.759 | F7: 27.056961 | G7: ITM
A8: 1800.411 | B8: 60 | C8: Put | D8: 7.9221019 | E8: 0 | F8: 7.9221019 | G8: OTM
A9: 1800.411 | B9: 90 | C9: Call | D9: 135.55022 | E9: 94.759 | F9: 40.791217 | G9: ITM
A10: 1800.411 | B10: 90 | C10: Put | D10: 12.165327 | E10: 0 | F10: 12.165327 | G10: OTM
A11: 1857.267 | B11: 30 | C11: Call | D11: 60.419789 | E11: 37.903 | F11: 22.516789 | G11: ATM
A12: 1857.267 | B12: 30 | C12: Put | D12: 12.620861 | E12: 0 | F12: 12.620861 | G12: ATM
A13: 1857.267 | B13: 60 | C13: Call | D13: 78.206959 | E13: 37.903 | F13: 40.303959 | G13: ATM
A14: 1857.267 | B14: 60 | C14: Put | D14: 20.564832 | E14: 0 | F14: 20.564832 | G14: ATM
A15: 1857.267 | B15: 90 | C15: Call | D15: 93.448875 | E15: 37.903 | F15: 55.545875 | G15: ATM
A16: 1857.267 | B16: 90 | C16: Put | D16: 26.015995 | E16: 0 | F16: 26.015995 | G16: ATM
... A34: 1989.929 | B34: 90 | C34: Put | D34: 92.150178 | E34: 94.759 | F34: -2.608822 | G34: ITM
A37: Put-Call Parity Check (Call - Put = S - K*e^-rT)
A38: Strike | B38: Maturity_Days | C38: Call Price | D38: Put Price | E38: C - P | F38: S - K*e^-rT | G38: Diff
A39: 1800.411 | B39: 30 | C39: =SUMPRODUCT(($A$5:$A$34=A39)*($B$5:$B$34=B39)*($C$5:$C$34="Call")*$D$5:$D$34) -> 107.31113 | D39: =SUMPRODUCT(($A$5:$A$34=A39)*($B$5:$B$34=B39)*($C$5:$C$34="Put")*$D$5:$D$34) -> 2.9591407 | E39: =C39-D39 -> 104.35199 | F39: =Dashboard!$B$5-A39*EXP(-Dashboard!$B$6*(B39/365)) -> 104.35199 | G39: =ABS(E39-F39) -> 0
A40: 1800.411 | B40: 60 | C40: =SUMPRODUCT(($A$5:$A$34=A40)*($B$5:$B$34=B40)*($C$5:$C$34="Call")*$D$5:$D$34) -> 121.81596 | D40: =SUMPRODUCT(($A$5:$A$34=A40)*($B$5:$B$34=B40)*($C$5:$C$34="Put")*$D$5:$D$34) -> 7.9221019 | E40: =C40-D40 -> 113.89386 | F40: =Dashboard!$B$5-A40*EXP(-Dashboard!$B$6*(B40/365)) -> 113.89386 | G40: =ABS(E40-F40) -> 0
A41: 1800.411 | B41: 90 | C41: =SUMPRODUCT(($A$5:$A$34=A41)*($B$5:$B$34=B41)*($C$5:$C$34="Call")*$D$5:$D$34) -> 135.55022 | D41: =SUMPRODUCT(($A$5:$A$34=A41)*($B$5:$B$34=B41)*($C$5:$C$34="Put")*$D$5:$D$34) -> 12.165327 | E41: =C41-D41 -> 123.38489 | F41: =Dashboard!$B$5-A41*EXP(-Dashboard!$B$6*(B41/365)) -> 123.38489 | G41: =ABS(E41-F41) -> 0
A42: 1857.267 | B42: 30 | C42: =SUMPRODUCT(($A$5:$A$34=A42)*($B$5:$B$34=B42)*($C$5:$C$34="Call")*$D$5:$D$34) -> 60.419789 | D42: =SUMPRODUCT(($A$5:$A$34=A42)*($B$5:$B$34=B42)*($C$5:$C$34="Put")*$D$5:$D$34) -> 12.620861 | E42: =C42-D42 -> 47.798927 | F42: =Dashboard!$B$5-A42*EXP(-Dashboard!$B$6*(B42/365)) -> 47.798927 | G42: =ABS(E42-F42) -> 0
A43: 1857.267 | B43: 60 | C43: =SUMPRODUCT(($A$5:$A$34=A43)*($B$5:$B$34=B43)*($C$5:$C$34="Call")*$D$5:$D$34) -> 78.206959 | D43: =SUMPRODUCT(($A$5:$A$34=A43)*($B$5:$B$34=B43)*($C$5:$C$34="Put")*$D$5:$D$34) -> 20.564832 | E43: =C43-D43 -> 57.642127 | F43: =Dashboard!$B$5-A43*EXP(-Dashboard!$B$6*(B43/365)) -> 57.642127 | G43: =ABS(E43-F43) -> 2.2737368e-13
A44: 1857.267 | B44: 90 | C44: =SUMPRODUCT(($A$5:$A$34=A44)*($B$5:$B$34=B44)*($C$5:$C$34="Call")*$D$5:$D$34) -> 93.448875 | D44: =SUMPRODUCT(($A$5:$A$34=A44)*($B$5:$B$34=B44)*($C$5:$C$34="Put")*$D$5:$D$34) -> 26.015995 | E44: =C44-D44 -> 67.43288 | F44: =Dashboard!$B$5-A44*EXP(-Dashboard!$B$6*(B44/365)) -> 67.43288 | G44: =ABS(E44-F44) -> 0
A45: 1895.17 | B45: 30 | C45: =SUMPRODUCT(($A$5:$A$34=A45)*($B$5:$B$34=B45)*($C$5:$C$34="Call")*$D$5:$D$34) -> 36.419888 | D45: =SUMPRODUCT(($A$5:$A$34=A45)*($B$5:$B$34=B45)*($C$5:$C$34="Put")*$D$5:$D$34) -> 26.322005 | E45: =C45-D45 -> 10.097883 | F45: =Dashboard!$B$5-A45*EXP(-Dashboard!$B$6*(B45/365)) -> 10.097883 | G45: =ABS(E45-F45) -> 2.2737368e-13
A46: 1895.17 | B46: 60 | C46: =SUMPRODUCT(($A$5:$A$34=A46)*($B$5:$B$34=B46)*($C$5:$C$34="Call")*$D$5:$D$34) -> 54.681284 | D46: =SUMPRODUCT(($A$5:$A$34=A46)*($B$5:$B$34=B46)*($C$5:$C$34="Put")*$D$5:$D$34) -> 34.539321 | E46: =C46-D46 -> 20.141962 | F46: =Dashboard!$B$5-A46*EXP(-Dashboard!$B$6*(B46/365)) -> 20.141962 | G46: =ABS(E46-F46) -> 0
A47: 1895.17 | B47: 90 | C47: =SUMPRODUCT(($A$5:$A$34=A47)*($B$5:$B$34=B47)*($C$5:$C$34="Call")*$D$5:$D$34) -> 69.999633 | D47: =SUMPRODUCT(($A$5:$A$34=A47)*($B$5:$B$34=B47)*($C$5:$C$34="Put")*$D$5:$D$34) -> 39.867109 | E47: =C47-D47 -> 30.132524 | F47: =Dashboard!$B$5-A47*EXP(-Dashboard!$B$6*(B47/365)) -> 30.132524 | G47: =ABS(E47-F47) -> 0
A48: 1933.073 | B48: 30 | C48: =SUMPRODUCT(($A$5:$A$34=A48)*($B$5:$B$34=B48)*($C$5:$C$34="Call")*$D$5:$D$34) -> 19.528927 | D48: =SUMPRODUCT(($A$5:$A$34=A48)*($B$5:$B$34=B48)*($C$5:$C$34="Put")*$D$5:$D$34) -> 47.132089 | E48: =C48-D48 -> -27.603161 | F48: =Dashboard!$B$5-A48*EXP(-Dashboard!$B$6*(B48/365)) -> -27.603161 | G48: =ABS(E48-F48) -> 1.0658141e-13
A49: 1933.073 | B49: 60 | C49: =SUMPRODUCT(($A$5:$A$34=A49)*($B$5:$B$34=B49)*($C$5:$C$34="Call")*$D$5:$D$34) -> 36.173969 | D49: =SUMPRODUCT(($A$5:$A$34=A49)*($B$5:$B$34=B49)*($C$5:$C$34="Put")*$D$5:$D$34) -> 53.532172 | E49: =C49-D49 -> -17.358203 | F49: =Dashboard!$B$5-A49*EXP(-Dashboard!$B$6*(B49/365)) -> -17.358203 | G49: =ABS(E49-F49) -> 0
A50: 1933.073 | B50: 90 | C50: =SUMPRODUCT(($A$5:$A$34=A50)*($B$5:$B$34=B50)*($C$5:$C$34="Call")*$D$5:$D$34) -> 50.615052 | D50: =SUMPRODUCT(($A$5:$A$34=A50)*($B$5:$B$34=B50)*($C$5:$C$34="Put")*$D$5:$D$34) -> 57.782883 | E50: =C50-D50 -> -7.1678314 | F50: =Dashboard!$B$5-A50*EXP(-Dashboard!$B$6*(B50/365)) -> -7.1678314 | G50: =ABS(E50-F50) -> 1.1368684e-13
... A53: 1989.929 | B53: 90 | C53: =SUMPRODUCT(($A$5:$A$34=A53)*($B$5:$B$34=B53)*($C$5:$C$34="Call")*$D$5:$D$34) -> 29.030337 | D53: =SUMPRODUCT(($A$5:$A$34=A53)*($B$5:$B$34=B53)*($C$5:$C$34="Put")*$D$5:$D$34) -> 92.150178 | E53: =C53-D53 -> -63.119841 | F53: =Dashboard!$B$5-A53*EXP(-Dashboard!$B$6*(B53/365)) -> -63.119841 | G53: =ABS(E53-F53) -> 0

Sheet Greeks Hist vs IV
A1: Greeks: Historical Volatility vs Implied Volatility
A2: Same strikes/maturities, priced under both volatility assumptions (filter by Volatility_Type)
A4: Volatility_Type | B4: Volatility_Used | C4: Strike | D4: Maturity_Days | E4: Type | F4: delta | G4: gamma | H4: vega | I4: theta | J4: rho
A5: Historical | B5: 0.1439212 | C5: 1800.411 | D5: 30 | E5: Call | F5: 0.91822967 | G5: 0.0019328645 | H5: 0.82120379 | I5: -0.48776973 | J5: 1.3421015
A6: Historical | B6: 0.1439212 | C6: 1800.411 | D6: 30 | E6: Put | F6: -0.081770332 | G6: 0.0019328645 | H6: 0.82120379 | I6: -0.16885693 | J6: -0.12980369
A7: Historical | B7: 0.1439212 | C7: 1800.411 | D7: 60 | E7: Call | F7: 0.86243592 | G7: 0.0019887757 | H7: 1.6899168 | I7: -0.47205449 | J7: 2.4865425
A8: Historical | B8: 0.1439212 | C8: 1800.411 | D8: 60 | E8: Put | F8: -0.13756408 | G8: 0.0019887757 | H8: 1.6899168 | I8: -0.15484093 | J8: -0.44158261
A9: Historical | B9: 0.1439212 | C9: 1800.411 | D9: 90 | E9: Call | F9: 0.83589672 | G9: 0.0018263245 | H9: 2.3278164 | I9: -0.44409616 | J9: 3.5719303
A10: Historical | B10: 0.1439212 | C10: 1800.411 | D10: 90 | E10: Put | F10: -0.16410328 | G10: 0.0018263245 | H10: 2.3278164 | I10: -0.12857278 | J10: -0.7968549
A11: Historical | B11: 0.1439212 | C11: 1857.267 | D11: 30 | E11: Call | F11: 0.73882858 | G11: 0.0041576906 | H11: 1.7664514 | I11: -0.66230837 | J11: 1.1011939
A12: Historical | B12: 0.1439212 | C12: 1857.267 | D12: 30 | E12: Put | F12: -0.26117142 | G12: 0.0041576906 | H12: 1.7664514 | I12: -0.33332448 | J12: -0.41719323
A13: Historical | B13: 0.1439212 | C13: 1857.267 | D13: 60 | E13: Call | F13: 0.711751 | G13: 0.0030865483 | H13: 2.622724 | I13: -0.54084054 | J13: 2.0887926
A14: Historical | B14: 0.1439212 | C14: 1857.267 | D14: 60 | E14: Put | F14: -0.288249 | G14: 0.0030865483 | H14: 2.622724 | I14: -0.21360955 | J14: -0.93180113
A15: Historical | B15: 0.1439212 | C15: 1857.267 | D15: 90 | E15: Call | F15: 0.70632688 | G15: 0.002542206 | H15: 3.2402724 | I15: -0.48082088 | J15: 3.0702591
A16: Historical | B16: 0.1439212 | C16: 1857.267 | D16: 90 | E16: Put | F16: -0.29367312 | G16: 0.002542206 | H16: 3.2402724 | I16: -0.15533345 | J16: -1.43649
... A64: Implied | B64: 0.16877246 | C64: 1989.929 | D64: 90 | E64: Put | F64: -0.6364683 | G64: 0.0023633688 | H64: 3.5324749 | I64: -0.098454707 | J64: -3.2228155

Sheet Portfolio Composition
A1: Six-Leg Option Portfolio
A2: Position-level Greeks and premium for each leg
A4: Type | B4: Strike | C4: Maturity_Days | D4: Position | E4: Price | F4: Premium | G4: Pos_delta | H4: Pos_gamma | I4: Pos_vega | J4: Pos_theta | K4: Pos_rho
A5: Call | B5: 1895.17 | C5: 30 | D5: 10 | E5: 36.419888 | F5: 364.19888 | G5: 5.5966128 | H5: 0.050446367 | I5: 21.432825 | J5: -6.9650406 | K5: 8.4183565
A6: Put | B6: 1895.17 | C6: 30 | D6: -5 | E6: 26.322005 | F6: -131.61002 | G6: 2.2016936 | H6: -0.025223184 | I6: -10.716413 | J6: 1.8040314 | K6: 3.5376935
A7: Call | B7: 1933.073 | C7: 60 | D7: 5 | E7: 36.173969 | F7: 180.86985 | G7: 2.2472035 | H7: 0.017892517 | I7: 15.203758 | J7: -2.5496652 | K7: 6.7035004
A8: Put | B8: 1857.267 | C8: 60 | D8: -3 | E8: 20.564832 | F8: -61.694496 | G8: 0.86474699 | H8: -0.0092596449 | I8: -7.8681721 | J8: 0.64082864 | K8: 2.7954034
A9: Call | B9: 1989.929 | C9: 90 | D9: 2 | E9: 29.030337 | F9: 58.060673 | G9: 0.67250768 | H9: 0.0053875561 | I9: 6.8669294 | J9: -0.76568285 | K9: 2.9994798
A10: Put | B10: 1800.411 | C10: 90 | D10: -2 | E10: 12.165327 | F10: -24.330653 | G10: 0.32820655 | H10: -0.003652649 | I10: -4.6556328 | J10: 0.25714556 | K10: 1.5937098
A12: TOTAL | F12: =SUM(F4:F10) -> 385.49422 | G12: =SUM(G4:G10) -> 11.910971 | H12: =SUM(H4:H10) -> 0.035590963 | I12: =SUM(I4:I10) -> 20.263295 | J12: =SUM(J4:J10) -> -7.578383 | K12: =SUM(K4:K10) -> 26.048143

Sheet Hedge Summary
A1: Portfolio Greeks — Before vs After Hedging
A2: Delta-hedged with stock, gamma-hedged with a 90-day ATM call, then delta re-adjusted
A4: Greek | B4: Before_Hedge | C4: After_Hedge | D4: Change
A5: Delta | B5: 11.910971 | C5: 0 | D5: =C5-B5 -> -11.910971
A6: Gamma | B6: 0.035590963 | C6: 0 | D6: =C6-B6 -> -0.035590963
A7: Vega | B7: 20.263295 | C7: -25.100618 | D7: =C7-B7 -> -45.363913
A8: Theta | B8: -7.578383 | C8: -1.5653183 | D8: =C8-B8 -> 6.0130648
A9: Rho | B9: 26.048143 | C9: -6.9879144 | D9: =C9-B9 -> -33.036058

Sheet PnL Scenarios
A1: PnL Simulation Across Spot Price Scenarios
A2: Full repricing of every leg at each hypothetical spot move; hedge effectiveness computed live
A4: Price_Change_% | B4: New_Price | C4: Unhedged_PnL | D4: Hedged_PnL | E4: Improvement | F4: Hedge_Effectiveness_%
A5: -2 | B5: 1857.2666 | C5: -426.74873 | D5: -1.484804 | E5: 425.26393 | F5: =IF(C5=0,"n/a",(1-ABS(D5)/ABS(C5))*100) -> 99.652066
A6: -1 | B6: 1876.2183 | C6: -219.41926 | D6: -0.16711931 | E6: 219.25214 | F6: =IF(C6=0,"n/a",(1-ABS(D6)/ABS(C6))*100) -> 99.923836
A7: 0 | B7: 1895.17 | C7: 0 | D7: 0 | E7: 0 | F7: =IF(C7=0,"n/a",(1-ABS(D7)/ABS(C7))*100) -> n/a
A8: 1 | B8: 1914.1217 | C8: 232.14608 | D8: 0.12888484 | E8: -232.01719 | F8: =IF(C8=0,"n/a",(1-ABS(D8)/ABS(C8))*100) -> 99.944481
A9: 2 | B9: 1933.0734 | C9: 476.99388 | D9: 0.88506892 | E9: -476.10882 | F9: =IF(C9=0,"n/a",(1-ABS(D9)/ABS(C9))*100) -> 99.814449

Sheet VaR Summary
A1: Value at Risk — Parametric vs Historical Simulation
A2: Historical VaR estimated from 65 daily observations — treat the 99% figure as indicative given the small sample
A4: Confidence | B4: Parametric_VaR | C4: Historical_VaR
A5: 95% | B5: 336.65554 | C5: 256.3547
A6: 99% | B6: 476.02479 | C6: 401.96839
A8: Note: with only ~65 daily return observations, the 99% historical VaR is driven by roughly the single worst day in the sample and should be read as indicative rather than precise. A longer history (1+ year) would tighten this estimate.
